trial_num	condition	stimulus	start_time	go_signal	resp_time	record_time	rest_dur	run	trial	start_time_real	end_time_real
1	0	day day day day day day day day day 	4.0	1	4.0	4.5	2.0	1	1	4.0000219000000925	9.003195700000106
2	0	ter ter ter ter ter ter ter ter ter 	10.0	1	4.0	4.5	2.0	1	2	10.143244699999968	15.003236900000047
3	0	naw naw naw naw naw naw naw naw naw 	16.0	1	4.0	4.5	2.0	1	3	16.000023300000066	21.00322170000004
4	0	fee fee fee fee fee fee fee fee fee 	22.0	1	4.0	4.5	2.0	1	4	22.000022299999955	27.00304170000004
5	0	mih mih mih mih mih mih mih mih mih 	28.0	1	4.0	4.5	2.0	1	5	28.01842499999998	33.002925700000105
6	0	pie pie pie pie pie pie pie pie pie 	34.0	1	4.0	4.5	2.0	1	6	34.00002480000012	39.00335999999993
7	0	thought thought thought thought thought thought thought thought thought 	40.0	1	4.0	4.5	2.0	1	7	40.00001670000006	45.00333730000011
8	0	per per per per per per per per per 	46.0	1	4.0	4.5	2.0	1	8	46.000017699999944	51.00284080000006
9	0	thought thought thought thought thought thought thought thought thought 	52.0	1	4.0	4.5	2.0	1	9	52.00002190000009	57.003857200000084
10	0	thurs thurs thurs thurs thurs thurs thurs thurs thurs 	58.0	1	4.0	4.5	2.0	1	10	58.00002399999994	63.00324790000013
11	0	mih mih mih mih mih mih mih mih mih 	64.0	1	4.0	4.5	2.0	1	11	64.01241110000001	69.00318199999992
12	0	per per per per per per per per per 	70.0	1	4.0	4.5	2.0	1	12	70.00001780000002	75.00301710000008
13	0	ser ser ser ser ser ser ser ser ser 	76.0	1	4.0	4.5	2.0	1	13	76.00002590000008	81.00307969999994
14	0	pot pot pot pot pot pot pot pot pot 	82.0	1	4.0	4.5	2.0	1	14	82.00001750000001	87.00329720000013
15	0	naw naw naw naw naw naw naw naw naw 	88.0	1	4.0	4.5	2.0	1	15	88.00002510000013	93.00349619999997
16	0	day day day day day day day day day 	94.0	1	4.0	4.5	2.0	1	16	94.00002100000006	99.00301590000004
17	0	per per per per per per per per per 	100.0	1	4.0	4.5	2.0	1	17	100.00002429999995	105.00304770000002
18	0	pot pot pot pot pot pot pot pot pot 	106.0	1	4.0	4.5	2.0	1	18	106.00002459999996	111.00349290000008
19	0	naw naw naw naw naw naw naw naw naw 	112.0	1	4.0	4.5	2.0	1	19	112.00002760000007	117.0031868000001
20	0	ser ser ser ser ser ser ser ser ser 	118.0	1	4.0	4.5	2.0	1	20	118.00001459999999	123.00289010000006
21	0	pie pie pie pie pie pie pie pie pie 	124.0	1	4.0	4.5	2.0	1	21	124.00003370000013	129.00310890000014
22	0	thought thought thought thought thought thought thought thought thought 	130.0	1	4.0	4.5	2.0	1	22	130.0000238	135.00348729999996
23	0	ter ter ter ter ter ter ter ter ter 	136.0	1	4.0	4.5	2.0	1	23	136.0000239000001	141.00289780000003
24	0	day day day day day day day day day 	142.0	1	4.0	4.5	2.0	1	24	142.00001799999995	147.00299900000005
25	0	day day day day day day day day day 	148.0	1	4.0	4.5	2.0	1	25	148.0000261	153.0030415000001
26	0	per per per per per per per per per 	154.0	1	4.0	4.5	2.0	1	26	154.00001709999992	159.00321499999995
27	0	naw naw naw naw naw naw naw naw naw 	160.0	1	4.0	4.5	2.0	1	27	160.0000232	165.00295430000006
28	0	pot pot pot pot pot pot pot pot pot 	166.0	1	4.0	4.5	2.0	1	28	166.00001980000002	171.00308310000014
29	0	pie pie pie pie pie pie pie pie pie 	172.0	1	4.0	4.5	2.0	1	29	172.00002590000008	177.00360419999993
30	0	ter ter ter ter ter ter ter ter ter 	178.0	1	4.0	4.5	2.0	1	30	178.0000192	183.00356850000003
31	0	thought thought thought thought thought thought thought thought thought 	184.0	1	4.0	4.5	2.0	1	31	184.00001980000002	189.00301020000006
32	0	ser ser ser ser ser ser ser ser ser 	190.0	1	4.0	4.5	2.0	1	32	190.0000153000001	195.00323270000013
33	0	pot pot pot pot pot pot pot pot pot 	196.0	1	4.0	4.5	2.0	1	33	196.00002429999995	201.0030111000001
34	0	thought thought thought thought thought thought thought thought thought 	202.0	1	4.0	4.5	2.0	1	34	202.00002480000012	207.0030885000001
35	0	day day day day day day day day day 	208.0	1	4.0	4.5	2.0	1	35	208.00001840000004	213.00305960000014
36	0	pie pie pie pie pie pie pie pie pie 	214.0	1	4.0	4.5	2.0	1	36	214.00001980000002	219.00449200000003
37	0	naw naw naw naw naw naw naw naw naw 	220.0	1	4.0	4.5	2.0	1	37	220.00001859999998	225.00282029999994
38	0	mih mih mih mih mih mih mih mih mih 	226.0	1	4.0	4.5	2.0	1	38	226.00002080000013	231.00301450000006
39	0	ter ter ter ter ter ter ter ter ter 	232.0	1	4.0	4.5	2.0	1	39	232.0000235	237.00306079999996
40	0	fee fee fee fee fee fee fee fee fee 	238.0	1	4.0	4.5	2.0	1	40	238.00001739999993	243.0032331
41	0	ser ser ser ser ser ser ser ser ser 	244.0	1	4.0	4.5	2.0	1	41	244.0000153000001	249.0029872
42	0	pot pot pot pot pot pot pot pot pot 	250.0	1	4.0	4.5	2.0	1	42	250.00001780000002	255.0031368
43	0	per per per per per per per per per 	256.0	1	4.0	4.5	2.0	1	43	256.0000299999999	261.0029373
44	0	pie pie pie pie pie pie pie pie pie 	262.0	1	4.0	4.5	2.0	1	44	262.0459214	267.00314720000006
45	0	ter ter ter ter ter ter ter ter ter 	268.0	1	4.0	4.5	2.0	1	45	268.0000245000001	273.0031076
46	0	mih mih mih mih mih mih mih mih mih 	274.0	1	4.0	4.5	2.0	1	46	274.0000178	279.0059946000001
47	0	thought thought thought thought thought thought thought thought thought 	280.0	1	4.0	4.5	2.0	1	47	280.0000162000001	285.00361840000005
48	0	thurs thurs thurs thurs thurs thurs thurs thurs thurs 	286.0	1	4.0	4.5	2.0	1	48	286.00001900000007	291.0028142000001
49	0	naw naw naw naw naw naw naw naw naw 	292.0	1	4.0	4.5	2.0	1	49	292.0000219000001	297.00335970000015
50	0	per per per per per per per per per 	298.0	1	4.0	4.5	2.0	1	50	298.0000173000001	303.0032813
51	0	ter ter ter ter ter ter ter ter ter 	304.0	1	4.0	4.5	2.0	1	51	304.00004650000005	309.0028959000001
52	0	fee fee fee fee fee fee fee fee fee 	310.0	1	4.0	4.5	2.0	1	52	310.00002010000003	315.0032403
53	0	thought thought thought thought thought thought thought thought thought 	316.0	1	4.0	4.5	2.0	1	53	316.00001650000013	321.00308960000007
54	0	mih mih mih mih mih mih mih mih mih 	322.0	1	4.0	4.5	2.0	1	54	322.00007370000003	327.00318100000004
55	0	thurs thurs thurs thurs thurs thurs thurs thurs thurs 	328.0	1	4.0	4.5	2.0	1	55	328.0000170999999	333.0029826
56	0	pot pot pot pot pot pot pot pot pot 	334.0	1	4.0	4.5	2.0	1	56	334.0488055999999	339.00335940000014
57	0	thought thought thought thought thought thought thought thought thought 	340.0	1	4.0	4.5	2.0	1	57	340.0000236000001	345.0038333
58	0	pie pie pie pie pie pie pie pie pie 	346.0	1	4.0	4.5	2.0	1	58	346.0000198	351.0030501000001
59	0	per per per per per per per per per 	352.0	1	4.0	4.5	2.0	1	59	352.0000291000001	357.00335010000003
60	0	thurs thurs thurs thurs thurs thurs thurs thurs thurs 	358.0	1	4.0	4.5	2.0	1	60	358.060913	363.006396
61	0	naw naw naw naw naw naw naw naw naw 	364.0	1	4.0	4.5	2.0	1	61	364.0000222000001	369.00313460000007
62	0	pot pot pot pot pot pot pot pot pot 	370.0	1	4.0	4.5	2.0	1	62	370.0000195	375.0031838
63	0	fee fee fee fee fee fee fee fee fee 	376.0	1	4.0	4.5	2.0	1	63	376.00002080000013	381.0033470999999
64	0	day day day day day day day day day 	382.0	1	4.0	4.5	2.0	1	64	382.0000156000001	387.0030471
trial_num	condition	stimulus	start_time	go_signal	resp_time	record_time	rest_dur	run	trial	start_time_real	end_time_real
1	0	pot pot pot pot pot pot pot pot pot 	4.0	1	4.0	4.5	2.0	2	1	4.00002110000014	9.002878200000396
2	0	thurs thurs thurs thurs thurs thurs thurs thurs thurs 	10.0	1	4.0	4.5	2.0	2	2	10.000030600000173	15.00320929999998
3	0	pie pie pie pie pie pie pie pie pie 	16.0	1	4.0	4.5	2.0	2	3	16.000023200000214	21.00366750000012
4	0	thought thought thought thought thought thought thought thought thought 	22.0	1	4.0	4.5	2.0	2	4	22.000027300000056	27.00317670000004
5	0	mih mih mih mih mih mih mih mih mih 	28.0	1	4.0	4.5	2.0	2	5	28.00001420000035	33.002977999999985
6	0	ser ser ser ser ser ser ser ser ser 	34.0	1	4.0	4.5	2.0	2	6	34.00001680000014	39.003256299999975
7	0	naw naw naw naw naw naw naw naw naw 	40.0	1	4.0	4.5	2.0	2	7	40.000023800000235	45.00313180000012
8	0	per per per per per per per per per 	46.0	1	4.0	4.5	2.0	2	8	46.00001629999997	51.00376010000036
9	0	pot pot pot pot pot pot pot pot pot 	52.0	1	4.0	4.5	2.0	2	9	52.00002089999998	57.00323350000008
10	0	pie pie pie pie pie pie pie pie pie 	58.0	1	4.0	4.5	2.0	2	10	58.0000186000002	63.00294030000032
11	0	thurs thurs thurs thurs thurs thurs thurs thurs thurs 	64.0	1	4.0	4.5	2.0	2	11	64.00002919999997	69.00294770000028
12	0	day day day day day day day day day 	70.0	1	4.0	4.5	2.0	2	12	70.00002160000031	75.00303500000018
13	0	mih mih mih mih mih mih mih mih mih 	76.0	1	4.0	4.5	2.0	2	13	76.0000226000002	81.00311220000003
14	0	fee fee fee fee fee fee fee fee fee 	82.0	1	4.0	4.5	2.0	2	14	82.0000197000004	87.0031428000002
15	0	thought thought thought thought thought thought thought thought thought 	88.0	1	4.0	4.5	2.0	2	15	88.00002210000002	93.0030171000003
16	0	per per per per per per per per per 	94.0	1	4.0	4.5	2.0	2	16	94.0000197000004	99.0030071000001
17	0	day day day day day day day day day 	100.0	1	4.0	4.5	2.0	2	17	100.00001360000033	105.00323920000028
18	0	naw naw naw naw naw naw naw naw naw 	106.0	1	4.0	4.5	2.0	2	18	106.00001830000019	111.00310990000025
19	0	thought thought thought thought thought thought thought thought thought 	112.0	1	4.0	4.5	2.0	2	19	112.00002080000013	117.00319370000034
20	0	per per per per per per per per per 	118.0	1	4.0	4.5	2.0	2	20	118.00004050000007	123.00304430000006
21	0	ter ter ter ter ter ter ter ter ter 	124.0	1	4.0	4.5	2.0	2	21	124.00002180000001	129.00316250000014
22	0	ser ser ser ser ser ser ser ser ser 	130.0	1	4.0	4.5	2.0	2	22	130.0000154000004	135.00310490000038
23	0	pie pie pie pie pie pie pie pie pie 	136.0	1	4.0	4.5	2.0	2	23	136.0000175	141.00394910000023
24	0	mih mih mih mih mih mih mih mih mih 	142.0	1	4.0	4.5	2.0	2	24	142.0000186000002	147.00316229999999
25	0	pot pot pot pot pot pot pot pot pot 	148.0	1	4.0	4.5	2.0	2	25	148.00001710000015	153.0029311000003
26	0	day day day day day day day day day 	154.0	1	4.0	4.5	2.0	2	26	154.00001380000003	159.00299410000025
27	0	pie pie pie pie pie pie pie pie pie 	160.0	1	4.0	4.5	2.0	2	27	160.00002320000021	165.00305939999998
28	0	per per per per per per per per per 	166.0	1	4.0	4.5	2.0	2	28	166.00002230000018	171.00308489999998
29	0	thought thought thought thought thought thought thought thought thought 	172.0	1	4.0	4.5	2.0	2	29	172.0000183000002	177.0031583
30	0	fee fee fee fee fee fee fee fee fee 	178.0	1	4.0	4.5	2.0	2	30	178.0000132	183.0030730000003
31	0	ser ser ser ser ser ser ser ser ser 	184.0	1	4.0	4.5	2.0	2	31	184.00002230000018	189.00308040000027
32	0	mih mih mih mih mih mih mih mih mih 	190.0	1	4.0	4.5	2.0	2	32	190.00002070000028	195.00311360000023
33	0	thurs thurs thurs thurs thurs thurs thurs thurs thurs 	196.0	1	4.0	4.5	2.0	2	33	196.00001760000032	201.00300030000017
34	0	thought thought thought thought thought thought thought thought thought 	202.0	1	4.0	4.5	2.0	2	34	202.00001250000014	207.00300400000015
35	0	mih mih mih mih mih mih mih mih mih 	208.0	1	4.0	4.5	2.0	2	35	208.00002089999998	213.00329720000036
36	0	day day day day day day day day day 	214.0	1	4.0	4.5	2.0	2	36	214.00002320000021	219.00312759999997
37	0	fee fee fee fee fee fee fee fee fee 	220.0	1	4.0	4.5	2.0	2	37	220.0000170000003	225.00285680000025
38	0	ser ser ser ser ser ser ser ser ser 	226.0	1	4.0	4.5	2.0	2	38	226.00001310000016	231.0031025000003
39	0	pie pie pie pie pie pie pie pie pie 	232.0	1	4.0	4.5	2.0	2	39	232.00001330000032	237.0029797000002
40	0	naw naw naw naw naw naw naw naw naw 	238.0	1	4.0	4.5	2.0	2	40	238.00002870000026	243.0031702000001
41	0	fee fee fee fee fee fee fee fee fee 	244.0	1	4.0	4.5	2.0	2	41	244.00002440000026	249.0031202
42	0	day day day day day day day day day 	250.0	1	4.0	4.5	2.0	2	42	250.00001870000006	255.00293320000037
43	0	thought thought thought thought thought thought thought thought thought 	256.0	1	4.0	4.5	2.0	2	43	256.0000180000002	261.00294410000015
44	0	naw naw naw naw naw naw naw naw naw 	262.0	1	4.0	4.5	2.0	2	44	262.00001740000016	267.0030006000002
45	0	mih mih mih mih mih mih mih mih mih 	268.0	1	4.0	4.5	2.0	2	45	268.00002280000035	273.00316390000035
46	0	per per per per per per per per per 	274.0	1	4.0	4.5	2.0	2	46	274.0000221	279.00316710000016
47	0	ter ter ter ter ter ter ter ter ter 	280.0	1	4.0	4.5	2.0	2	47	280.0000183000002	285.0033263
48	0	thurs thurs thurs thurs thurs thurs thurs thurs thurs 	286.0	1	4.0	4.5	2.0	2	48	286.00002429999995	291.0033806000001
49	0	thought thought thought thought thought thought thought thought thought 	292.0	1	4.0	4.5	2.0	2	49	292.0000209	297.0031962000003
50	0	thurs thurs thurs thurs thurs thurs thurs thurs thurs 	298.0	1	4.0	4.5	2.0	2	50	298.0000146000002	303.0030534000002
51	0	pie pie pie pie pie pie pie pie pie 	304.0	1	4.0	4.5	2.0	2	51	304.00001580000026	309.0032720000004
52	0	naw naw naw naw naw naw naw naw naw 	310.0	1	4.0	4.5	2.0	2	52	310.0000175	315.0030961000002
53	0	ter ter ter ter ter ter ter ter ter 	316.0	1	4.0	4.5	2.0	2	53	316.0000146000002	321.0030388
54	0	day day day day day day day day day 	322.0	1	4.0	4.5	2.0	2	54	322.0000431000003	327.0030476000002
55	0	pot pot pot pot pot pot pot pot pot 	328.0	1	4.0	4.5	2.0	2	55	328.0000137000002	333.0028059000001
56	0	per per per per per per per per per 	334.0	1	4.0	4.5	2.0	2	56	334.02764620000016	339.00327500000003
57	0	fee fee fee fee fee fee fee fee fee 	340.0	1	4.0	4.5	2.0	2	57	340.00001850000035	345.00314690000005
58	0	ter ter ter ter ter ter ter ter ter 	346.0	1	4.0	4.5	2.0	2	58	346.00001740000016	351.00309110000035
59	0	day day day day day day day day day 	352.0	1	4.0	4.5	2.0	2	59	352.0000199000001	357.0035633000002
60	0	thought thought thought thought thought thought thought thought thought 	358.0	1	4.0	4.5	2.0	2	60	358.00002240000003	363.00299780000023
61	0	per per per per per per per per per 	364.0	1	4.0	4.5	2.0	2	61	364.0000199000001	369.0031686000002
62	0	mih mih mih mih mih mih mih mih mih 	370.0	1	4.0	4.5	2.0	2	62	370.0000285000001	375.0032519000001
63	0	ser ser ser ser ser ser ser ser ser 	376.0	1	4.0	4.5	2.0	2	63	376.0000219000003	381.00309960000004
64	0	naw naw naw naw naw naw naw naw naw 	382.0	1	4.0	4.5	2.0	2	64	382.0000156000001	387.0032695
trial_num	condition	stimulus	start_time	go_signal	resp_time	record_time	rest_dur	run	trial	start_time_real	end_time_real
1	0	pot pot pot pot pot pot pot pot pot 	4.0	1	4.0	4.5	2.0	3	1	4.0000199000000976	9.002829500000189
2	0	pie pie pie pie pie pie pie pie pie 	10.0	1	4.0	4.5	2.0	3	2	10.001700000000255	15.00301860000036
3	0	per per per per per per per per per 	16.0	1	4.0	4.5	2.0	3	3	16.000024200000098	21.00330490000033
4	0	fee fee fee fee fee fee fee fee fee 	22.0	1	4.0	4.5	2.0	3	4	22.000015600000097	27.003247699999974
5	0	thurs thurs thurs thurs thurs thurs thurs thurs thurs 	28.0	1	4.0	4.5	2.0	3	5	28.000014100000044	33.003442200000336
6	0	thought thought thought thought thought thought thought thought thought 	34.0	1	4.0	4.5	2.0	3	6	34.000014400000055	39.00298160000011
7	0	ter ter ter ter ter ter ter ter ter 	40.0	1	4.0	4.5	2.0	3	7	40.00002119999999	45.00325860000021
8	0	day day day day day day day day day 	46.0	1	4.0	4.5	2.0	3	8	46.00001730000031	51.00311780000038
9	0	per per per per per per per per per 	52.0	1	4.0	4.5	2.0	3	9	52.00001480000037	57.00329660000034
10	0	mih mih mih mih mih mih mih mih mih 	58.0	1	4.0	4.5	2.0	3	10	58.000016100000266	63.00656180000033
11	0	naw naw naw naw naw naw naw naw naw 	64.0	1	4.0	4.5	2.0	3	11	64.00001900000007	69.00322950000009
12	0	fee fee fee fee fee fee fee fee fee 	70.0	1	4.0	4.5	2.0	3	12	70.00001920000022	75.00354190000007
13	0	thought thought thought thought thought thought thought thought thought 	76.0	1	4.0	4.5	2.0	3	13	76.00001950000023	81.003377
14	0	pot pot pot pot pot pot pot pot pot 	82.0	1	4.0	4.5	2.0	3	14	82.00002270000005	87.0030154000001
15	0	thurs thurs thurs thurs thurs thurs thurs thurs thurs 	88.0	1	4.0	4.5	2.0	3	15	88.00002119999999	93.00330600000007
16	0	ser ser ser ser ser ser ser ser ser 	94.0	1	4.0	4.5	2.0	3	16	94.00012020000031	99.00325629999998
17	0	day day day day day day day day day 	100.0	1	4.0	4.5	2.0	3	17	100.0000243000004	105.00338039999997
18	0	thought thought thought thought thought thought thought thought thought 	106.0	1	4.0	4.5	2.0	3	18	106.00003000000015	111.00305230000004
19	0	pie pie pie pie pie pie pie pie pie 	112.0	1	4.0	4.5	2.0	3	19	112.00013770000032	117.00347160000001
20	0	per per per per per per per per per 	118.0	1	4.0	4.5	2.0	3	20	118.00002440000026	123.00312040000017
21	0	ter ter ter ter ter ter ter ter ter 	124.0	1	4.0	4.5	2.0	3	21	124.00003250000009	129.00305880000042
22	0	thurs thurs thurs thurs thurs thurs thurs thurs thurs 	130.0	1	4.0	4.5	2.0	3	22	130.0000253000003	135.0034584
23	0	naw naw naw naw naw naw naw naw naw 	136.0	1	4.0	4.5	2.0	3	23	136.00002840000025	141.00334950000024
24	0	pot pot pot pot pot pot pot pot pot 	142.0	1	4.0	4.5	2.0	3	24	142.00003800000013	147.00340110000025
25	0	ter ter ter ter ter ter ter ter ter 	148.0	1	4.0	4.5	2.0	3	25	148.00002510000013	153.00307870000006
26	0	thurs thurs thurs thurs thurs thurs thurs thurs thurs 	154.0	1	4.0	4.5	2.0	3	26	154.00002350000022	159.00305210000033
27	0	mih mih mih mih mih mih mih mih mih 	160.0	1	4.0	4.5	2.0	3	27	160.00002360000008	165.00327430000016
28	0	pot pot pot pot pot pot pot pot pot 	166.0	1	4.0	4.5	2.0	3	28	166.00002650000033	171.00345330000027
29	0	thought thought thought thought thought thought thought thought thought 	172.0	1	4.0	4.5	2.0	3	29	172.00002310000036	177.00306
30	0	naw naw naw naw naw naw naw naw naw 	178.0	1	4.0	4.5	2.0	3	30	178.00001840000004	183.00313300000016
31	0	per per per per per per per per per 	184.0	1	4.0	4.5	2.0	3	31	184.00001790000033	189.00313430000006
32	0	ser ser ser ser ser ser ser ser ser 	190.0	1	4.0	4.5	2.0	3	32	190.00002210000002	195.00306990000036
33	0	fee fee fee fee fee fee fee fee fee 	196.0	1	4.0	4.5	2.0	3	33	196.0000285000001	201.0032824
34	0	ser ser ser ser ser ser ser ser ser 	202.0	1	4.0	4.5	2.0	3	34	202.00002010000026	207.00311030000012
35	0	day day day day day day day day day 	208.0	1	4.0	4.5	2.0	3	35	208.00001490000022	213.00319650000029
36	0	pie pie pie pie pie pie pie pie pie 	214.0	1	4.0	4.5	2.0	3	36	214.00001870000006	219.00349210000013
37	0	ter ter ter ter ter ter ter ter ter 	220.0	1	4.0	4.5	2.0	3	37	220.0000210000003	225.00363570000036
38	0	mih mih mih mih mih mih mih mih mih 	226.0	1	4.0	4.5	2.0	3	38	226.0000283000004	231.00319070000023
39	0	per per per per per per per per per 	232.0	1	4.0	4.5	2.0	3	39	232.00002360000008	237.0030428
40	0	thought thought thought thought thought thought thought thought thought 	238.0	1	4.0	4.5	2.0	3	40	238.00002190000032	243.0030955000002
41	0	ser ser ser ser ser ser ser ser ser 	244.0	1	4.0	4.5	2.0	3	41	244.00001370000018	249.0030971000001
42	0	thurs thurs thurs thurs thurs thurs thurs thurs thurs 	250.0	1	4.0	4.5	2.0	3	42	250.00001880000036	255.0031001000002
43	0	fee fee fee fee fee fee fee fee fee 	256.0	1	4.0	4.5	2.0	3	43	256.0000220000002	261.0028983000002
44	0	day day day day day day day day day 	262.0	1	4.0	4.5	2.0	3	44	262.0000216000003	267.00329220000003
45	0	pot pot pot pot pot pot pot pot pot 	268.0	1	4.0	4.5	2.0	3	45	268.00001870000006	273.00304780000033
46	0	mih mih mih mih mih mih mih mih mih 	274.0	1	4.0	4.5	2.0	3	46	274.0000146000002	279.0031273000004
47	0	pie pie pie pie pie pie pie pie pie 	280.0	1	4.0	4.5	2.0	3	47	280.0000172	285.00324690000025
48	0	naw naw naw naw naw naw naw naw naw 	286.0	1	4.0	4.5	2.0	3	48	286.0000261	291.0031044000002
49	0	pot pot pot pot pot pot pot pot pot 	292.0	1	4.0	4.5	2.0	3	49	292.0000169	297.0029267
50	0	day day day day day day day day day 	298.0	1	4.0	4.5	2.0	3	50	298.0000150000001	303.0031143000001
51	0	pie pie pie pie pie pie pie pie pie 	304.0	1	4.0	4.5	2.0	3	51	304.0000242000001	309.00356250000004
52	0	per per per per per per per per per 	310.0	1	4.0	4.5	2.0	3	52	310.0000192000002	315.00347899999997
53	0	naw naw naw naw naw naw naw naw naw 	316.0	1	4.0	4.5	2.0	3	53	316.0000203000004	321.0029055
54	0	fee fee fee fee fee fee fee fee fee 	322.0	1	4.0	4.5	2.0	3	54	322.00001470000007	327.00321650000024
55	0	ser ser ser ser ser ser ser ser ser 	328.0	1	4.0	4.5	2.0	3	55	328.00003190000007	333.00299680000035
56	0	thurs thurs thurs thurs thurs thurs thurs thurs thurs 	334.0	1	4.0	4.5	2.0	3	56	334.00001880000036	339.0032890000002
57	0	mih mih mih mih mih mih mih mih mih 	340.0	1	4.0	4.5	2.0	3	57	340.0000153000001	345.0031356000004
58	0	per per per per per per per per per 	346.0	1	4.0	4.5	2.0	3	58	346.0000137000002	351.0031290000002
59	0	day day day day day day day day day 	352.0	1	4.0	4.5	2.0	3	59	352.0000197000004	357.00279560000035
60	0	fee fee fee fee fee fee fee fee fee 	358.0	1	4.0	4.5	2.0	3	60	358.0000236000001	363.00329820000024
61	0	ser ser ser ser ser ser ser ser ser 	364.0	1	4.0	4.5	2.0	3	61	364.0000213000003	369.0033853
62	0	thought thought thought thought thought thought thought thought thought 	370.0	1	4.0	4.5	2.0	3	62	370.0000189000002	375.00326700000005
63	0	thurs thurs thurs thurs thurs thurs thurs thurs thurs 	376.0	1	4.0	4.5	2.0	3	63	376.0000248000001	381.0033648000003
64	0	naw naw naw naw naw naw naw naw naw 	382.0	1	4.0	4.5	2.0	3	64	382.0000172	387.0031576000001
trial_num	condition	stimulus	start_time	go_signal	resp_time	record_time	rest_dur	run	trial	start_time_real	end_time_real
1	0	naw naw naw naw naw naw naw naw naw 	4.0	1	4.0	4.5	2.0	4	1	4.00004459999991	9.003324299999804
2	0	fee fee fee fee fee fee fee fee fee 	10.0	1	4.0	4.5	2.0	4	2	10.00002269999959	15.00433699999985
3	0	pot pot pot pot pot pot pot pot pot 	16.0	1	4.0	4.5	2.0	4	3	16.00002179999956	21.003509399999984
4	0	pie pie pie pie pie pie pie pie pie 	22.0	1	4.0	4.5	2.0	4	4	22.00002429999995	27.003107199999704
5	0	thought thought thought thought thought thought thought thought thought 	28.0	1	4.0	4.5	2.0	4	5	28.00001409999959	33.00367969999979
6	0	ter ter ter ter ter ter ter ter ter 	34.0	1	4.0	4.5	2.0	4	6	34.000017599999865	39.00320369999963
7	0	per per per per per per per per per 	40.0	1	4.0	4.5	2.0	4	7	40.00001959999963	45.003000999999585
8	0	thurs thurs thurs thurs thurs thurs thurs thurs thurs 	46.0	1	4.0	4.5	2.0	4	8	46.000048799999604	51.00322099999994
9	0	per per per per per per per per per 	52.0	1	4.0	4.5	2.0	4	9	52.00002099999983	57.00330049999957
10	0	pie pie pie pie pie pie pie pie pie 	58.0	1	4.0	4.5	2.0	4	10	58.00001999999995	63.00353150000001
11	0	ser ser ser ser ser ser ser ser ser 	64.0	1	4.0	4.5	2.0	4	11	64.0000187999999	69.00326339999992
12	0	ter ter ter ter ter ter ter ter ter 	70.0	1	4.0	4.5	2.0	4	12	70.00012599999991	75.00332949999984
13	0	day day day day day day day day day 	76.0	1	4.0	4.5	2.0	4	13	76.00002309999991	81.00329789999978
14	0	fee fee fee fee fee fee fee fee fee 	82.0	1	4.0	4.5	2.0	4	14	82.00002039999981	87.00332389999994
15	0	mih mih mih mih mih mih mih mih mih 	88.0	1	4.0	4.5	2.0	4	15	88.00002359999962	93.0031942999999
16	0	thurs thurs thurs thurs thurs thurs thurs thurs thurs 	94.0	1	4.0	4.5	2.0	4	16	94.00002369999993	99.0029712999999
17	0	thurs thurs thurs thurs thurs thurs thurs thurs thurs 	100.0	1	4.0	4.5	2.0	4	17	100.00002509999968	105.00336010000001
18	0	ter ter ter ter ter ter ter ter ter 	106.0	1	4.0	4.5	2.0	4	18	106.00001899999961	111.00289099999964
19	0	ser ser ser ser ser ser ser ser ser 	112.0	1	4.0	4.5	2.0	4	19	112.00001859999975	117.00298819999989
20	0	pie pie pie pie pie pie pie pie pie 	118.0	1	4.0	4.5	2.0	4	20	118.0000272999996	123.00320679999959
21	0	fee fee fee fee fee fee fee fee fee 	124.0	1	4.0	4.5	2.0	4	21	124.00001479999992	129.00311499999998
22	0	day day day day day day day day day 	130.0	1	4.0	4.5	2.0	4	22	130.0000215	135.00322349999988
23	0	naw naw naw naw naw naw naw naw naw 	136.0	1	4.0	4.5	2.0	4	23	136.00002099999983	141.00294079999958
24	0	per per per per per per per per per 	142.0	1	4.0	4.5	2.0	4	24	142.00001949999978	147.0029913999997
25	0	day day day day day day day day day 	148.0	1	4.0	4.5	2.0	4	25	148.0000301	153.0031399999998
26	0	pie pie pie pie pie pie pie pie pie 	154.0	1	4.0	4.5	2.0	4	26	154.00001679999968	159.0032266999997
27	0	mih mih mih mih mih mih mih mih mih 	160.0	1	4.0	4.5	2.0	4	27	160.00001939999993	165.00329499999998
28	0	thought thought thought thought thought thought thought thought thought 	166.0	1	4.0	4.5	2.0	4	28	166.0000157999998	171.00322919999962
29	0	pot pot pot pot pot pot pot pot pot 	172.0	1	4.0	4.5	2.0	4	29	172.0000200999998	177.00305199999957
30	0	ser ser ser ser ser ser ser ser ser 	178.0	1	4.0	4.5	2.0	4	30	178.00002179999956	183.00330989999975
31	0	fee fee fee fee fee fee fee fee fee 	184.0	1	4.0	4.5	2.0	4	31	184.00002239999958	189.0032968999999
32	0	naw naw naw naw naw naw naw naw naw 	190.0	1	4.0	4.5	2.0	4	32	190.0000157999998	195.00322469999992
33	0	thought thought thought thought thought thought thought thought thought 	196.0	1	4.0	4.5	2.0	4	33	196.00001829999974	201.00328189999982
34	0	pot pot pot pot pot pot pot pot pot 	202.0	1	4.0	4.5	2.0	4	34	202.0000170999997	207.0031170999996
35	0	ter ter ter ter ter ter ter ter ter 	208.0	1	4.0	4.5	2.0	4	35	208.00002349999977	213.0032071999999
36	0	thurs thurs thurs thurs thurs thurs thurs thurs thurs 	214.0	1	4.0	4.5	2.0	4	36	214.00004839999974	219.00364369999988
37	0	fee fee fee fee fee fee fee fee fee 	220.0	1	4.0	4.5	2.0	4	37	220.00001909999992	225.00327319999997
38	0	ser ser ser ser ser ser ser ser ser 	226.0	1	4.0	4.5	2.0	4	38	226.00002179999956	231.00664419999976
39	0	day day day day day day day day day 	232.0	1	4.0	4.5	2.0	4	39	232.00002359999962	237.0032352999997
40	0	pie pie pie pie pie pie pie pie pie 	238.0	1	4.0	4.5	2.0	4	40	238.0256632999999	243.0030099999999
41	0	ser ser ser ser ser ser ser ser ser 	244.0	1	4.0	4.5	2.0	4	41	244.00001479999992	249.00308819999964
42	0	pie pie pie pie pie pie pie pie pie 	250.0	1	4.0	4.5	2.0	4	42	250.00001479999992	255.00706209999998
43	0	day day day day day day day day day 	256.0	1	4.0	4.5	2.0	4	43	256.0000190999999	261.0030554
44	0	mih mih mih mih mih mih mih mih mih 	262.0	1	4.0	4.5	2.0	4	44	262.00012469999956	267.0031377999999
45	0	ter ter ter ter ter ter ter ter ter 	268.0	1	4.0	4.5	2.0	4	45	268.00833409999996	273.00364709999985
46	0	naw naw naw naw naw naw naw naw naw 	274.0	1	4.0	4.5	2.0	4	46	274.0000409999998	279.00310739999986
47	0	per per per per per per per per per 	280.0	1	4.0	4.5	2.0	4	47	280.0000166	285.0031592999999
48	0	pot pot pot pot pot pot pot pot pot 	286.0	1	4.0	4.5	2.0	4	48	286.0000221999999	291.0030741999999
49	0	thurs thurs thurs thurs thurs thurs thurs thurs thurs 	292.0	1	4.0	4.5	2.0	4	49	292.0000249999998	297.00326029999997
50	0	pie pie pie pie pie pie pie pie pie 	298.0	1	4.0	4.5	2.0	4	50	298.01076009999997	303.0030995999996
51	0	ter ter ter ter ter ter ter ter ter 	304.0	1	4.0	4.5	2.0	4	51	304.0000447999996	309.00289539999994
52	0	fee fee fee fee fee fee fee fee fee 	310.0	1	4.0	4.5	2.0	4	52	310.00001699999984	315.0031723999996
53	0	thought thought thought thought thought thought thought thought thought 	316.0	1	4.0	4.5	2.0	4	53	316.00001919999977	321.0028774999996
54	0	naw naw naw naw naw naw naw naw naw 	322.0	1	4.0	4.5	2.0	4	54	322.0000223999996	327.0031220999999
55	0	per per per per per per per per per 	328.0	1	4.0	4.5	2.0	4	55	328.00001559999964	333.00290179999956
56	0	pot pot pot pot pot pot pot pot pot 	334.0	1	4.0	4.5	2.0	4	56	334.0000256999997	339.0030754999998
57	0	thurs thurs thurs thurs thurs thurs thurs thurs thurs 	340.0	1	4.0	4.5	2.0	4	57	340.00004999999965	345.0031504999997
58	0	per per per per per per per per per 	346.0	1	4.0	4.5	2.0	4	58	346.00002049999966	351.0029536999996
59	0	day day day day day day day day day 	352.0	1	4.0	4.5	2.0	4	59	352.0000172	357.0030969999998
60	0	naw naw naw naw naw naw naw naw naw 	358.0	1	4.0	4.5	2.0	4	60	358.00001759999986	363.00335369999993
61	0	thought thought thought thought thought thought thought thought thought 	364.0	1	4.0	4.5	2.0	4	61	364.00002319999976	369.0032113999996
62	0	pot pot pot pot pot pot pot pot pot 	370.0	1	4.0	4.5	2.0	4	62	370.00002559999984	375.0029199999999
63	0	fee fee fee fee fee fee fee fee fee 	376.0	1	4.0	4.5	2.0	4	63	376.00004199999967	381.0030185999999
64	0	pie pie pie pie pie pie pie pie pie 	382.0	1	4.0	4.5	2.0	4	64	382.00001699999984	387.00309519999973
trial_num	condition	stimulus	start_time	go_signal	resp_time	record_time	rest_dur	run	trial	start_time_real	end_time_real
1	0	thurs thurs thurs thurs thurs thurs thurs thurs thurs 	4.0	1	4.0	4.5	2.0	5	1	4.000049199999921	9.003302799999801
2	0	pie pie pie pie pie pie pie pie pie 	10.0	1	4.0	4.5	2.0	5	2	10.000024799999665	15.003635799999756
3	0	mih mih mih mih mih mih mih mih mih 	16.0	1	4.0	4.5	2.0	5	3	16.000021999999717	21.003480500000023
4	0	ter ter ter ter ter ter ter ter ter 	22.0	1	4.0	4.5	2.0	5	4	22.000028699999802	27.003178899999966
5	0	day day day day day day day day day 	28.0	1	4.0	4.5	2.0	5	5	28.00002349999977	33.00300029999971
6	0	thought thought thought thought thought thought thought thought thought 	34.0	1	4.0	4.5	2.0	5	6	34.0000172	39.003406099999665
7	0	per per per per per per per per per 	40.0	1	4.0	4.5	2.0	5	7	40.00001919999977	45.00261569999975
8	0	pot pot pot pot pot pot pot pot pot 	46.0	1	4.0	4.5	2.0	5	8	46.00001960000009	51.00438919999988
9	0	ter ter ter ter ter ter ter ter ter 	52.0	1	4.0	4.5	2.0	5	9	52.00001949999978	57.0031027
10	0	per per per per per per per per per 	58.0	1	4.0	4.5	2.0	5	10	58.00001399999974	63.003023199999916
11	0	thurs thurs thurs thurs thurs thurs thurs thurs thurs 	64.0	1	4.0	4.5	2.0	5	11	64.00001999999995	69.00310349999972
12	0	fee fee fee fee fee fee fee fee fee 	70.0	1	4.0	4.5	2.0	5	12	70.00004910000007	75.00338459999966
13	0	day day day day day day day day day 	76.0	1	4.0	4.5	2.0	5	13	76.00001819999989	81.0030870999999
14	0	pie pie pie pie pie pie pie pie pie 	82.0	1	4.0	4.5	2.0	5	14	82.00005669999973	87.00312499999973
15	0	ser ser ser ser ser ser ser ser ser 	88.0	1	4.0	4.5	2.0	5	15	88.00001769999972	93.00334530000009
16	0	mih mih mih mih mih mih mih mih mih 	94.0	1	4.0	4.5	2.0	5	16	94.0000259999997	99.00311819999979
17	0	thurs thurs thurs thurs thurs thurs thurs thurs thurs 	100.0	1	4.0	4.5	2.0	5	17	100.00001659999998	105.00308670000004
18	0	thought thought thought thought thought thought thought thought thought 	106.0	1	4.0	4.5	2.0	5	18	106.00002390000009	111.00314589999971
19	0	ter ter ter ter ter ter ter ter ter 	112.0	1	4.0	4.5	2.0	5	19	112.00003209999977	117.00302650000003
20	0	day day day day day day day day day 	118.0	1	4.0	4.5	2.0	5	20	118.0000587999998	123.00324509999973
21	0	fee fee fee fee fee fee fee fee fee 	124.0	1	4.0	4.5	2.0	5	21	124.00002399999994	129.0029897999998
22	0	pie pie pie pie pie pie pie pie pie 	130.0	1	4.0	4.5	2.0	5	22	130.00002379999978	135.00316239999984
23	0	ser ser ser ser ser ser ser ser ser 	136.0	1	4.0	4.5	2.0	5	23	136.0000172	141.00310809999974
24	0	per per per per per per per per per 	142.0	1	4.0	4.5	2.0	5	24	142.0000216999997	147.00347839999995
25	0	thurs thurs thurs thurs thurs thurs thurs thurs thurs 	148.0	1	4.0	4.5	2.0	5	25	148.00002270000005	153.22597909999968
26	0	fee fee fee fee fee fee fee fee fee 	154.0	1	4.0	4.5	2.0	5	26	154.56700030000002	159.0073683999999
27	0	mih mih mih mih mih mih mih mih mih 	160.0	1	4.0	4.5	2.0	5	27	160.0000240999998	165.0034053999998
28	0	pie pie pie pie pie pie pie pie pie 	166.0	1	4.0	4.5	2.0	5	28	166.00002399999994	171.00310609999997
29	0	thought thought thought thought thought thought thought thought thought 	172.0	1	4.0	4.5	2.0	5	29	172.00001539999994	177.0030259
30	0	day day day day day day day day day 	178.0	1	4.0	4.5	2.0	5	30	178.0000304	183.00634850000006
31	0	pot pot pot pot pot pot pot pot pot 	184.0	1	4.0	4.5	2.0	5	31	184.00002099999983	189.00306319999981
32	0	naw naw naw naw naw naw naw naw naw 	190.0	1	4.0	4.5	2.0	5	32	190.0000160999998	195.00320250000004
33	0	day day day day day day day day day 	196.0	1	4.0	4.5	2.0	5	33	196.00001589999965	201.00642900000003
34	0	thought thought thought thought thought thought thought thought thought 	202.0	1	4.0	4.5	2.0	5	34	202.00002270000005	207.0036869999999
35	0	fee fee fee fee fee fee fee fee fee 	208.0	1	4.0	4.5	2.0	5	35	208.00002399999994	213.0031368
36	0	pie pie pie pie pie pie pie pie pie 	214.0	1	4.0	4.5	2.0	5	36	214.00065889999996	219.0031458999997
37	0	pot pot pot pot pot pot pot pot pot 	220.0	1	4.0	4.5	2.0	5	37	220.00002069999982	225.00302479999982
38	0	ter ter ter ter ter ter ter ter ter 	226.0	1	4.0	4.5	2.0	5	38	226.00002360000008	231.0030195999998
39	0	ser ser ser ser ser ser ser ser ser 	232.0	1	4.0	4.5	2.0	5	39	232.0000173999997	237.0065682999998
40	0	mih mih mih mih mih mih mih mih mih 	238.0	1	4.0	4.5	2.0	5	40	238.00001569999995	243.0030996999999
41	0	mih mih mih mih mih mih mih mih mih 	244.0	1	4.0	4.5	2.0	5	41	244.00001949999978	249.00306909999972
42	0	ser ser ser ser ser ser ser ser ser 	250.0	1	4.0	4.5	2.0	5	42	250.0000728	255.0037911999998
43	0	thurs thurs thurs thurs thurs thurs thurs thurs thurs 	256.0	1	4.0	4.5	2.0	5	43	256.00001989999964	261.00297980000005
44	0	ter ter ter ter ter ter ter ter ter 	262.0	1	4.0	4.5	2.0	5	44	262.0000169	267.0031021
45	0	fee fee fee fee fee fee fee fee fee 	268.0	1	4.0	4.5	2.0	5	45	268.0000239000001	273.0028865999998
46	0	thought thought thought thought thought thought thought thought thought 	274.0	1	4.0	4.5	2.0	5	46	274.0000329999998	279.00309979999975
47	0	per per per per per per per per per 	280.0	1	4.0	4.5	2.0	5	47	280.00002349999977	285.00310089999994
48	0	pot pot pot pot pot pot pot pot pot 	286.0	1	4.0	4.5	2.0	5	48	286.0000608999999	291.0033126999997
49	0	fee fee fee fee fee fee fee fee fee 	292.0	1	4.0	4.5	2.0	5	49	292.00001619999966	297.0039045999997
50	0	naw naw naw naw naw naw naw naw naw 	298.0	1	4.0	4.5	2.0	5	50	298.0000307	303.00435359999983
51	0	pot pot pot pot pot pot pot pot pot 	304.0	1	4.0	4.5	2.0	5	51	304.0000267999999	309.0038268999997
52	0	thought thought thought thought thought thought thought thought thought 	310.0	1	4.0	4.5	2.0	5	52	310.00002989999984	315.0030241999998
53	0	mih mih mih mih mih mih mih mih mih 	316.0	1	4.0	4.5	2.0	5	53	316.00571109999964	321.0030450999998
54	0	ser ser ser ser ser ser ser ser ser 	322.0	1	4.0	4.5	2.0	5	54	322.0000179999997	327.0030535000001
55	0	day day day day day day day day day 	328.0	1	4.0	4.5	2.0	5	55	328.0000172	333.00284409999995
56	0	thurs thurs thurs thurs thurs thurs thurs thurs thurs 	334.0	1	4.0	4.5	2.0	5	56	334.00002159999985	339.00303289999965
57	0	day day day day day day day day day 	340.0	1	4.0	4.5	2.0	5	57	340.00003590000006	345.00297969999974
58	0	naw naw naw naw naw naw naw naw naw 	346.0	1	4.0	4.5	2.0	5	58	346.00002369999993	351.00313909999977
59	0	pie pie pie pie pie pie pie pie pie 	352.0	1	4.0	4.5	2.0	5	59	352.0000175	357.0030475999997
60	0	per per per per per per per per per 	358.0	1	4.0	4.5	2.0	5	60	358.0000240999998	363.0032876999999
61	0	thought thought thought thought thought thought thought thought thought 	364.0	1	4.0	4.5	2.0	5	61	364.00001810000003	369.00313929999993
62	0	thurs thurs thurs thurs thurs thurs thurs thurs thurs 	370.0	1	4.0	4.5	2.0	5	62	370.0000209	375.0030373999998
63	0	fee fee fee fee fee fee fee fee fee 	376.0	1	4.0	4.5	2.0	5	63	376.0000239000001	381.00305249999974
64	0	ter ter ter ter ter ter ter ter ter 	382.0	1	4.0	4.5	2.0	5	64	382.0000178999999	387.00320650000003
trial_num	condition	stimulus	start_time	go_signal	resp_time	record_time	rest_dur	run	trial	start_time_real	end_time_real
1	0	ter ter ter ter ter ter ter ter ter 	4.0	1	4.0	4.5	2.0	6	1	4.000027200000659	9.003606799999943
2	0	ser ser ser ser ser ser ser ser ser 	10.0	1	4.0	4.5	2.0	6	2	10.000030900000638	15.003242700000555
3	0	day day day day day day day day day 	16.0	1	4.0	4.5	2.0	6	3	16.00002570000015	21.00309440000001
4	0	mih mih mih mih mih mih mih mih mih 	22.0	1	4.0	4.5	2.0	6	4	22.000022300000637	27.003364300000612
5	0	per per per per per per per per per 	28.0	1	4.0	4.5	2.0	6	5	28.00002250000034	33.00314630000048
6	0	thurs thurs thurs thurs thurs thurs thurs thurs thurs 	34.0	1	4.0	4.5	2.0	6	6	34.00002120000045	39.003065400000196
7	0	pot pot pot pot pot pot pot pot pot 	40.0	1	4.0	4.5	2.0	6	7	40.00003319999996	45.0034284000003
8	0	naw naw naw naw naw naw naw naw naw 	46.0	1	4.0	4.5	2.0	6	8	46.00002089999998	51.003101600000264
9	0	naw naw naw naw naw naw naw naw naw 	52.0	1	4.0	4.5	2.0	6	9	52.00003079999988	57.003217100000256
10	0	pot pot pot pot pot pot pot pot pot 	58.0	1	4.0	4.5	2.0	6	10	58.00001190000057	63.00310570000056
11	0	thurs thurs thurs thurs thurs thurs thurs thurs thurs 	64.0	1	4.0	4.5	2.0	6	11	64.00002409999979	69.00294910000048
12	0	ter ter ter ter ter ter ter ter ter 	70.0	1	4.0	4.5	2.0	6	12	70.00004739999986	75.00295809999989
13	0	per per per per per per per per per 	76.0	1	4.0	4.5	2.0	6	13	76.00001479999992	81.00308469999982
14	0	mih mih mih mih mih mih mih mih mih 	82.0	1	4.0	4.5	2.0	6	14	82.00002010000026	87.00286529999994
15	0	pie pie pie pie pie pie pie pie pie 	88.0	1	4.0	4.5	2.0	6	15	88.00001830000019	93.00316070000008
16	0	day day day day day day day day day 	94.0	1	4.0	4.5	2.0	6	16	94.00002089999998	99.00306330000058
17	0	mih mih mih mih mih mih mih mih mih 	100.0	1	4.0	4.5	2.0	6	17	100.00001830000019	105.00293620000048
18	0	thought thought thought thought thought thought thought thought thought 	106.0	1	4.0	4.5	2.0	6	18	106.00001750000047	111.00295600000027
19	0	naw naw naw naw naw naw naw naw naw 	112.0	1	4.0	4.5	2.0	6	19	112.00001410000004	117.00298949999979
20	0	pie pie pie pie pie pie pie pie pie 	118.0	1	4.0	4.5	2.0	6	20	118.00002290000066	123.00297390000014
21	0	thurs thurs thurs thurs thurs thurs thurs thurs thurs 	124.0	1	4.0	4.5	2.0	6	21	124.01360389999991	129.00308320000022
22	0	ter ter ter ter ter ter ter ter ter 	130.0	1	4.0	4.5	2.0	6	22	130.00002320000021	135.00311310000052
23	0	ser ser ser ser ser ser ser ser ser 	136.0	1	4.0	4.5	2.0	6	23	136.00002099999983	141.00303990000066
24	0	per per per per per per per per per 	142.0	1	4.0	4.5	2.0	6	24	142.00002800000038	147.00286289999985
25	0	mih mih mih mih mih mih mih mih mih 	148.0	1	4.0	4.5	2.0	6	25	148.0000125000006	153.00326790000054
26	0	day day day day day day day day day 	154.0	1	4.0	4.5	2.0	6	26	154.00002230000064	159.00289840000005
27	0	ter ter ter ter ter ter ter ter ter 	160.0	1	4.0	4.5	2.0	6	27	160.00002250000034	165.0029095
28	0	pie pie pie pie pie pie pie pie pie 	166.0	1	4.0	4.5	2.0	6	28	166.0000213000003	171.00308769999992
29	0	naw naw naw naw naw naw naw naw naw 	172.0	1	4.0	4.5	2.0	6	29	172.00001780000002	177.00316470000053
30	0	ser ser ser ser ser ser ser ser ser 	178.0	1	4.0	4.5	2.0	6	30	178.00001690000045	183.0029341999998
31	0	per per per per per per per per per 	184.0	1	4.0	4.5	2.0	6	31	184.00001470000007	189.0029125000001
32	0	thought thought thought thought thought thought thought thought thought 	190.0	1	4.0	4.5	2.0	6	32	190.00001760000032	195.00276310000027
33	0	mih mih mih mih mih mih mih mih mih 	196.0	1	4.0	4.5	2.0	6	33	196.0000203999998	201.0028510000002
34	0	ser ser ser ser ser ser ser ser ser 	202.0	1	4.0	4.5	2.0	6	34	202.00001450000036	207.00308399999994
35	0	fee fee fee fee fee fee fee fee fee 	208.0	1	4.0	4.5	2.0	6	35	208.00001930000053	213.0029940000004
36	0	day day day day day day day day day 	214.0	1	4.0	4.5	2.0	6	36	214.00002170000062	219.00301639999998
37	0	naw naw naw naw naw naw naw naw naw 	220.0	1	4.0	4.5	2.0	6	37	220.00002200000017	225.00293789999978
38	0	thought thought thought thought thought thought thought thought thought 	226.0	1	4.0	4.5	2.0	6	38	226.00002230000064	231.0028286000006
39	0	thurs thurs thurs thurs thurs thurs thurs thurs thurs 	232.0	1	4.0	4.5	2.0	6	39	232.00002320000021	237.0031557000002
40	0	pie pie pie pie pie pie pie pie pie 	238.0	1	4.0	4.5	2.0	6	40	238.00001659999998	243.0030138000002
41	0	fee fee fee fee fee fee fee fee fee 	244.0	1	4.0	4.5	2.0	6	41	244.00002190000032	249.00293670000065
42	0	thought thought thought thought thought thought thought thought thought 	250.0	1	4.0	4.5	2.0	6	42	250.00001320000047	255.00304779999988
43	0	mih mih mih mih mih mih mih mih mih 	256.0	1	4.0	4.5	2.0	6	43	256.0000226000002	261.00292720000016
44	0	ser ser ser ser ser ser ser ser ser 	262.0	1	4.0	4.5	2.0	6	44	262.0000157000004	267.0028763999999
45	0	per per per per per per per per per 	268.0	1	4.0	4.5	2.0	6	45	268.0000183000002	273.0029966000002
46	0	pot pot pot pot pot pot pot pot pot 	274.0	1	4.0	4.5	2.0	6	46	274.00001690000045	279.00313820000065
47	0	pie pie pie pie pie pie pie pie pie 	280.0	1	4.0	4.5	2.0	6	47	280.0000146000002	285.0033020000001
48	0	day day day day day day day day day 	286.0	1	4.0	4.5	2.0	6	48	286.0000207000003	291.0028903000002
49	0	fee fee fee fee fee fee fee fee fee 	292.0	1	4.0	4.5	2.0	6	49	292.00001599999996	297.00329000000056
50	0	naw naw naw naw naw naw naw naw naw 	298.0	1	4.0	4.5	2.0	6	50	298.0000181000005	303.00324340000043
51	0	pot pot pot pot pot pot pot pot pot 	304.0	1	4.0	4.5	2.0	6	51	304.00001500000053	309.00289320000047
52	0	ter ter ter ter ter ter ter ter ter 	310.0	1	4.0	4.5	2.0	6	52	310.0000856000006	315.00305070000013
53	0	thurs thurs thurs thurs thurs thurs thurs thurs thurs 	316.0	1	4.0	4.5	2.0	6	53	316.0000248000006	321.0028364
54	0	ser ser ser ser ser ser ser ser ser 	322.0	1	4.0	4.5	2.0	6	54	322.0000157000004	327.00315469999987
55	0	pie pie pie pie pie pie pie pie pie 	328.0	1	4.0	4.5	2.0	6	55	328.00001690000045	333.0030453999998
56	0	thought thought thought thought thought thought thought thought thought 	334.0	1	4.0	4.5	2.0	6	56	334.0000181000005	339.0031982999999
57	0	per per per per per per per per per 	340.0	1	4.0	4.5	2.0	6	57	340.00003370000013	345.0029217000001
58	0	fee fee fee fee fee fee fee fee fee 	346.0	1	4.0	4.5	2.0	6	58	346.00001340000017	351.0029824000003
59	0	mih mih mih mih mih mih mih mih mih 	352.0	1	4.0	4.5	2.0	6	59	352.00003319999996	357.0030588999998
60	0	pie pie pie pie pie pie pie pie pie 	358.0	1	4.0	4.5	2.0	6	60	358.0000194000004	363.00301800000034
61	0	ter ter ter ter ter ter ter ter ter 	364.0	1	4.0	4.5	2.0	6	61	364.00001669999983	369.0031886000006
62	0	ser ser ser ser ser ser ser ser ser 	370.0	1	4.0	4.5	2.0	6	62	370.0000220000002	375.00325880000037
63	0	thought thought thought thought thought thought thought thought thought 	376.0	1	4.0	4.5	2.0	6	63	376.00001599999996	381.0031549000005
64	0	thurs thurs thurs thurs thurs thurs thurs thurs thurs 	382.0	1	4.0	4.5	2.0	6	64	382.0000194000004	387.00310940000054
