subject	run	trial	syllable	wav_file
sub-03	1	1	fee	behav_sub-03_run-01_trial-01.wav
sub-03	1	2	thurs	behav_sub-03_run-01_trial-02.wav
sub-03	1	3	jur	behav_sub-03_run-01_trial-03.wav
sub-03	1	4	much	behav_sub-03_run-01_trial-04.wav
sub-03	1	5	per	behav_sub-03_run-01_trial-05.wav
sub-03	1	6	leh	behav_sub-03_run-01_trial-06.wav
sub-03	1	7	if	behav_sub-03_run-01_trial-07.wav
sub-03	1	8	imah	behav_sub-03_run-01_trial-08.wav
sub-03	1	9	a	behav_sub-03_run-01_trial-09.wav
sub-03	1	10	three	behav_sub-03_run-01_trial-10.wav
sub-03	1	11	ti	behav_sub-03_run-01_trial-11.wav
sub-03	1	12	chuck	behav_sub-03_run-01_trial-12.wav
sub-03	1	13	day	behav_sub-03_run-01_trial-13.wav
sub-03	1	14	less	behav_sub-03_run-01_trial-14.wav
sub-03	1	15	how	behav_sub-03_run-01_trial-15.wav
sub-03	1	16	thought	behav_sub-03_run-01_trial-16.wav
sub-03	1	17	jin	behav_sub-03_run-01_trial-17.wav
sub-03	1	18	would	behav_sub-03_run-01_trial-18.wav
sub-03	1	19	pro	behav_sub-03_run-01_trial-19.wav
sub-03	1	20	picked	behav_sub-03_run-01_trial-20.wav
sub-03	1	21	pi	behav_sub-03_run-01_trial-21.wav
sub-03	1	22	airy	behav_sub-03_run-01_trial-22.wav
sub-03	1	23	ter	behav_sub-03_run-01_trial-23.wav
sub-03	1	24	juh	behav_sub-03_run-01_trial-24.wav
sub-03	1	25	mih	behav_sub-03_run-01_trial-25.wav
sub-03	1	26	peck	behav_sub-03_run-01_trial-26.wav
sub-03	1	27	out	behav_sub-03_run-01_trial-27.wav
sub-03	1	28	thieves	behav_sub-03_run-01_trial-28.wav
sub-03	1	29	thir	behav_sub-03_run-01_trial-29.wav
sub-03	1	30	neh	behav_sub-03_run-01_trial-30.wav
sub-03	1	31	naw	behav_sub-03_run-01_trial-31.wav
sub-03	1	32	pot	behav_sub-03_run-01_trial-32.wav
sub-03	1	33	through	behav_sub-03_run-01_trial-33.wav
sub-03	1	34	per	behav_sub-03_run-01_trial-34.wav
sub-03	1	35	thrilled	behav_sub-03_run-01_trial-35.wav
sub-03	1	36	the	behav_sub-03_run-01_trial-36.wav
sub-03	1	37	throne	behav_sub-03_run-01_trial-37.wav
sub-03	1	38	ther	behav_sub-03_run-01_trial-38.wav
sub-03	1	39	caw	behav_sub-03_run-01_trial-39.wav
sub-03	1	40	pie	behav_sub-03_run-01_trial-40.wav
sub-03	1	41	ver	behav_sub-03_run-01_trial-41.wav
sub-03	1	42	ser	behav_sub-03_run-01_trial-42.wav
sub-03	2	1	fee	behav_sub-03_run-02_trial-01.wav
sub-03	2	2	ver	behav_sub-03_run-02_trial-02.wav
sub-03	2	3	per	behav_sub-03_run-02_trial-03.wav
sub-03	2	4	peck	behav_sub-03_run-02_trial-04.wav
sub-03	2	5	jur	behav_sub-03_run-02_trial-05.wav
sub-03	2	6	thought	behav_sub-03_run-02_trial-06.wav
sub-03	2	7	pro	behav_sub-03_run-02_trial-07.wav
sub-03	2	8	out	behav_sub-03_run-02_trial-08.wav
sub-03	2	9	pi	behav_sub-03_run-02_trial-09.wav
sub-03	2	10	would	behav_sub-03_run-02_trial-10.wav
sub-03	2	11	imah	behav_sub-03_run-02_trial-11.wav
sub-03	2	12	mih	behav_sub-03_run-02_trial-12.wav
sub-03	2	13	ti	behav_sub-03_run-02_trial-13.wav
sub-03	2	14	picked	behav_sub-03_run-02_trial-14.wav
sub-03	2	15	how	behav_sub-03_run-02_trial-15.wav
sub-03	2	16	caw	behav_sub-03_run-02_trial-16.wav
sub-03	2	17	much	behav_sub-03_run-02_trial-17.wav
sub-03	2	18	chuck	behav_sub-03_run-02_trial-18.wav
sub-03	2	19	thieves	behav_sub-03_run-02_trial-19.wav
sub-03	2	20	naw	behav_sub-03_run-02_trial-20.wav
sub-03	2	21	thurs	behav_sub-03_run-02_trial-21.wav
sub-03	2	22	neh	behav_sub-03_run-02_trial-22.wav
sub-03	2	23	airy	behav_sub-03_run-02_trial-23.wav
sub-03	2	24	thir	behav_sub-03_run-02_trial-24.wav
sub-03	2	25	pot	behav_sub-03_run-02_trial-25.wav
sub-03	2	26	a	behav_sub-03_run-02_trial-26.wav
sub-03	2	27	pie	behav_sub-03_run-02_trial-27.wav
sub-03	2	28	ther	behav_sub-03_run-02_trial-28.wav
sub-03	2	29	juh	behav_sub-03_run-02_trial-29.wav
sub-03	2	30	jin	behav_sub-03_run-02_trial-30.wav
sub-03	2	31	ser	behav_sub-03_run-02_trial-31.wav
sub-03	2	32	through	behav_sub-03_run-02_trial-32.wav
sub-03	2	33	three	behav_sub-03_run-02_trial-33.wav
sub-03	2	34	day	behav_sub-03_run-02_trial-34.wav
sub-03	2	35	throne	behav_sub-03_run-02_trial-35.wav
sub-03	2	36	ter	behav_sub-03_run-02_trial-36.wav
sub-03	2	37	per	behav_sub-03_run-02_trial-37.wav
sub-03	2	38	leh	behav_sub-03_run-02_trial-38.wav
sub-03	2	39	if	behav_sub-03_run-02_trial-39.wav
sub-03	2	40	less	behav_sub-03_run-02_trial-40.wav
sub-03	2	41	thrilled	behav_sub-03_run-02_trial-41.wav
sub-03	2	42	the	behav_sub-03_run-02_trial-42.wav
sub-03	3	1	chuck	behav_sub-03_run-03_trial-01.wav
sub-03	3	2	through	behav_sub-03_run-03_trial-02.wav
sub-03	3	3	jin	behav_sub-03_run-03_trial-03.wav
sub-03	3	4	ser	behav_sub-03_run-03_trial-04.wav
sub-03	3	5	per	behav_sub-03_run-03_trial-05.wav
sub-03	3	6	thrilled	behav_sub-03_run-03_trial-06.wav
sub-03	3	7	picked	behav_sub-03_run-03_trial-07.wav
sub-03	3	8	less	behav_sub-03_run-03_trial-08.wav
sub-03	3	9	peck	behav_sub-03_run-03_trial-09.wav
sub-03	3	10	the	behav_sub-03_run-03_trial-10.wav
sub-03	3	11	caw	behav_sub-03_run-03_trial-11.wav
sub-03	3	12	day	behav_sub-03_run-03_trial-12.wav
sub-03	3	13	throne	behav_sub-03_run-03_trial-13.wav
sub-03	3	14	per	behav_sub-03_run-03_trial-14.wav
sub-03	3	15	if	behav_sub-03_run-03_trial-15.wav
sub-03	3	16	out	behav_sub-03_run-03_trial-16.wav
sub-03	3	17	thurs	behav_sub-03_run-03_trial-17.wav
sub-03	3	18	pie	behav_sub-03_run-03_trial-18.wav
sub-03	3	19	jur	behav_sub-03_run-03_trial-19.wav
sub-03	3	20	much	behav_sub-03_run-03_trial-20.wav
sub-03	3	21	would	behav_sub-03_run-03_trial-21.wav
sub-03	3	22	ti	behav_sub-03_run-03_trial-22.wav
sub-03	3	23	pot	behav_sub-03_run-03_trial-23.wav
sub-03	3	24	naw	behav_sub-03_run-03_trial-24.wav
sub-03	3	25	pro	behav_sub-03_run-03_trial-25.wav
sub-03	3	26	thought	behav_sub-03_run-03_trial-26.wav
sub-03	3	27	ter	behav_sub-03_run-03_trial-27.wav
sub-03	3	28	fee	behav_sub-03_run-03_trial-28.wav
sub-03	3	29	pi	behav_sub-03_run-03_trial-29.wav
sub-03	3	30	imah	behav_sub-03_run-03_trial-30.wav
sub-03	3	31	ver	behav_sub-03_run-03_trial-31.wav
sub-03	3	32	thir	behav_sub-03_run-03_trial-32.wav
sub-03	3	33	mih	behav_sub-03_run-03_trial-33.wav
sub-03	3	34	leh	behav_sub-03_run-03_trial-34.wav
sub-03	3	35	juh	behav_sub-03_run-03_trial-35.wav
sub-03	3	36	three	behav_sub-03_run-03_trial-36.wav
sub-03	3	37	a	behav_sub-03_run-03_trial-37.wav
sub-03	3	38	airy	behav_sub-03_run-03_trial-38.wav
sub-03	3	39	neh	behav_sub-03_run-03_trial-39.wav
sub-03	3	40	thieves	behav_sub-03_run-03_trial-40.wav
sub-03	3	41	ther	behav_sub-03_run-03_trial-41.wav
sub-03	3	42	how	behav_sub-03_run-03_trial-42.wav
sub-03	4	1	leh	behav_sub-03_run-04_trial-01.wav
sub-03	4	2	thir	behav_sub-03_run-04_trial-02.wav
sub-03	4	3	thurs	behav_sub-03_run-04_trial-03.wav
sub-03	4	4	thought	behav_sub-03_run-04_trial-04.wav
sub-03	4	5	ti	behav_sub-03_run-04_trial-05.wav
sub-03	4	6	pie	behav_sub-03_run-04_trial-06.wav
sub-03	4	7	peck	behav_sub-03_run-04_trial-07.wav
sub-03	4	8	the	behav_sub-03_run-04_trial-08.wav
sub-03	4	9	mih	behav_sub-03_run-04_trial-09.wav
sub-03	4	10	day	behav_sub-03_run-04_trial-10.wav
sub-03	4	11	fee	behav_sub-03_run-04_trial-11.wav
sub-03	4	12	out	behav_sub-03_run-04_trial-12.wav
sub-03	4	13	pro	behav_sub-03_run-04_trial-13.wav
sub-03	4	14	thieves	behav_sub-03_run-04_trial-14.wav
sub-03	4	15	jin	behav_sub-03_run-04_trial-15.wav
sub-03	4	16	jur	behav_sub-03_run-04_trial-16.wav
sub-03	4	17	three	behav_sub-03_run-04_trial-17.wav
sub-03	4	18	a	behav_sub-03_run-04_trial-18.wav
sub-03	4	19	less	behav_sub-03_run-04_trial-19.wav
sub-03	4	20	much	behav_sub-03_run-04_trial-20.wav
sub-03	4	21	pi	behav_sub-03_run-04_trial-21.wav
sub-03	4	22	thrilled	behav_sub-03_run-04_trial-22.wav
sub-03	4	23	juh	behav_sub-03_run-04_trial-23.wav
sub-03	4	24	naw	behav_sub-03_run-04_trial-24.wav
sub-03	4	25	ser	behav_sub-03_run-04_trial-25.wav
sub-03	4	26	if	behav_sub-03_run-04_trial-26.wav
sub-03	4	27	caw	behav_sub-03_run-04_trial-27.wav
sub-03	4	28	how	behav_sub-03_run-04_trial-28.wav
sub-03	4	29	per	behav_sub-03_run-04_trial-29.wav
sub-03	4	30	throne	behav_sub-03_run-04_trial-30.wav
sub-03	4	31	chuck	behav_sub-03_run-04_trial-31.wav
sub-03	4	32	ther	behav_sub-03_run-04_trial-32.wav
sub-03	4	33	through	behav_sub-03_run-04_trial-33.wav
sub-03	4	34	ver	behav_sub-03_run-04_trial-34.wav
sub-03	4	35	ter	behav_sub-03_run-04_trial-35.wav
sub-03	4	36	imah	behav_sub-03_run-04_trial-36.wav
sub-03	4	37	airy	behav_sub-03_run-04_trial-37.wav
sub-03	4	38	would	behav_sub-03_run-04_trial-38.wav
sub-03	4	39	per	behav_sub-03_run-04_trial-39.wav
sub-03	4	40	neh	behav_sub-03_run-04_trial-40.wav
sub-03	4	41	picked	behav_sub-03_run-04_trial-41.wav
sub-03	4	42	pot	behav_sub-03_run-04_trial-42.wav
sub-03	5	1	jin	behav_sub-03_run-05_trial-01.wav
sub-03	5	2	throne	behav_sub-03_run-05_trial-02.wav
sub-03	5	3	naw	behav_sub-03_run-05_trial-03.wav
sub-03	5	4	picked	behav_sub-03_run-05_trial-04.wav
sub-03	5	5	ti	behav_sub-03_run-05_trial-05.wav
sub-03	5	6	caw	behav_sub-03_run-05_trial-06.wav
sub-03	5	7	thrilled	behav_sub-03_run-05_trial-07.wav
sub-03	5	8	three	behav_sub-03_run-05_trial-08.wav
sub-03	5	9	ver	behav_sub-03_run-05_trial-09.wav
sub-03	5	10	ther	behav_sub-03_run-05_trial-10.wav
sub-03	5	11	a	behav_sub-03_run-05_trial-11.wav
sub-03	5	12	imah	behav_sub-03_run-05_trial-12.wav
sub-03	5	13	mih	behav_sub-03_run-05_trial-13.wav
sub-03	5	14	through	behav_sub-03_run-05_trial-14.wav
sub-03	5	15	thir	behav_sub-03_run-05_trial-15.wav
sub-03	5	16	chuck	behav_sub-03_run-05_trial-16.wav
sub-03	5	17	pi	behav_sub-03_run-05_trial-17.wav
sub-03	5	18	pro	behav_sub-03_run-05_trial-18.wav
sub-03	5	19	per	behav_sub-03_run-05_trial-19.wav
sub-03	5	20	pot	behav_sub-03_run-05_trial-20.wav
sub-03	5	21	how	behav_sub-03_run-05_trial-21.wav
sub-03	5	22	peck	behav_sub-03_run-05_trial-22.wav
sub-03	5	23	would	behav_sub-03_run-05_trial-23.wav
sub-03	5	24	the	behav_sub-03_run-05_trial-24.wav
sub-03	5	25	out	behav_sub-03_run-05_trial-25.wav
sub-03	5	26	airy	behav_sub-03_run-05_trial-26.wav
sub-03	5	27	jur	behav_sub-03_run-05_trial-27.wav
sub-03	5	28	ser	behav_sub-03_run-05_trial-28.wav
sub-03	5	29	thieves	behav_sub-03_run-05_trial-29.wav
sub-03	5	30	thurs	behav_sub-03_run-05_trial-30.wav
sub-03	5	31	day	behav_sub-03_run-05_trial-31.wav
sub-03	5	32	fee	behav_sub-03_run-05_trial-32.wav
sub-03	5	33	thought	behav_sub-03_run-05_trial-33.wav
sub-03	5	34	per	behav_sub-03_run-05_trial-34.wav
sub-03	5	35	much	behav_sub-03_run-05_trial-35.wav
sub-03	5	36	juh	behav_sub-03_run-05_trial-36.wav
sub-03	5	37	neh	behav_sub-03_run-05_trial-37.wav
sub-03	5	38	ter	behav_sub-03_run-05_trial-38.wav
sub-03	5	39	leh	behav_sub-03_run-05_trial-39.wav
sub-03	5	40	pie	behav_sub-03_run-05_trial-40.wav
sub-03	5	41	less	behav_sub-03_run-05_trial-41.wav
sub-03	5	42	if	behav_sub-03_run-05_trial-42.wav
sub-03	6	1	pie	behav_sub-03_run-06_trial-01.wav
sub-03	6	2	ther	behav_sub-03_run-06_trial-02.wav
sub-03	6	3	pro	behav_sub-03_run-06_trial-03.wav
sub-03	6	4	day	behav_sub-03_run-06_trial-04.wav
sub-03	6	5	mih	behav_sub-03_run-06_trial-05.wav
sub-03	6	6	jin	behav_sub-03_run-06_trial-06.wav
sub-03	6	7	if	behav_sub-03_run-06_trial-07.wav
sub-03	6	8	would	behav_sub-03_run-06_trial-08.wav
sub-03	6	9	fee	behav_sub-03_run-06_trial-09.wav
sub-03	6	10	how	behav_sub-03_run-06_trial-10.wav
sub-03	6	11	leh	behav_sub-03_run-06_trial-11.wav
sub-03	6	12	ti	behav_sub-03_run-06_trial-12.wav
sub-03	6	13	through	behav_sub-03_run-06_trial-13.wav
sub-03	6	14	the	behav_sub-03_run-06_trial-14.wav
sub-03	6	15	neh	behav_sub-03_run-06_trial-15.wav
sub-03	6	16	less	behav_sub-03_run-06_trial-16.wav
sub-03	6	17	much	behav_sub-03_run-06_trial-17.wav
sub-03	6	18	per	behav_sub-03_run-06_trial-18.wav
sub-03	6	19	throne	behav_sub-03_run-06_trial-19.wav
sub-03	6	20	jur	behav_sub-03_run-06_trial-20.wav
sub-03	6	21	three	behav_sub-03_run-06_trial-21.wav
sub-03	6	22	ver	behav_sub-03_run-06_trial-22.wav
sub-03	6	23	out	behav_sub-03_run-06_trial-23.wav
sub-03	6	24	imah	behav_sub-03_run-06_trial-24.wav
sub-03	6	25	caw	behav_sub-03_run-06_trial-25.wav
sub-03	6	26	per	behav_sub-03_run-06_trial-26.wav
sub-03	6	27	thought	behav_sub-03_run-06_trial-27.wav
sub-03	6	28	pot	behav_sub-03_run-06_trial-28.wav
sub-03	6	29	thir	behav_sub-03_run-06_trial-29.wav
sub-03	6	30	thieves	behav_sub-03_run-06_trial-30.wav
sub-03	6	31	chuck	behav_sub-03_run-06_trial-31.wav
sub-03	6	32	thrilled	behav_sub-03_run-06_trial-32.wav
sub-03	6	33	a	behav_sub-03_run-06_trial-33.wav
sub-03	6	34	ser	behav_sub-03_run-06_trial-34.wav
sub-03	6	35	pi	behav_sub-03_run-06_trial-35.wav
sub-03	6	36	naw	behav_sub-03_run-06_trial-36.wav
sub-03	6	37	juh	behav_sub-03_run-06_trial-37.wav
sub-03	6	38	peck	behav_sub-03_run-06_trial-38.wav
sub-03	6	39	ter	behav_sub-03_run-06_trial-39.wav
sub-03	6	40	thurs	behav_sub-03_run-06_trial-40.wav
sub-03	6	41	picked	behav_sub-03_run-06_trial-41.wav
sub-03	6	42	airy	behav_sub-03_run-06_trial-42.wav
sub-03	7	1	ser	behav_sub-03_run-07_trial-01.wav
sub-03	7	2	caw	behav_sub-03_run-07_trial-02.wav
sub-03	7	3	peck	behav_sub-03_run-07_trial-03.wav
sub-03	7	4	naw	behav_sub-03_run-07_trial-04.wav
sub-03	7	5	thought	behav_sub-03_run-07_trial-05.wav
sub-03	7	6	ver	behav_sub-03_run-07_trial-06.wav
sub-03	7	7	thir	behav_sub-03_run-07_trial-07.wav
sub-03	7	8	thurs	behav_sub-03_run-07_trial-08.wav
sub-03	7	9	day	behav_sub-03_run-07_trial-09.wav
sub-03	7	10	would	behav_sub-03_run-07_trial-10.wav
sub-03	7	11	ti	behav_sub-03_run-07_trial-11.wav
sub-03	7	12	how	behav_sub-03_run-07_trial-12.wav
sub-03	7	13	mih	behav_sub-03_run-07_trial-13.wav
sub-03	7	14	pot	behav_sub-03_run-07_trial-14.wav
sub-03	7	15	picked	behav_sub-03_run-07_trial-15.wav
sub-03	7	16	less	behav_sub-03_run-07_trial-16.wav
sub-03	7	17	pro	behav_sub-03_run-07_trial-17.wav
sub-03	7	18	chuck	behav_sub-03_run-07_trial-18.wav
sub-03	7	19	throne	behav_sub-03_run-07_trial-19.wav
sub-03	7	20	ter	behav_sub-03_run-07_trial-20.wav
sub-03	7	21	jur	behav_sub-03_run-07_trial-21.wav
sub-03	7	22	per	behav_sub-03_run-07_trial-22.wav
sub-03	7	23	pie	behav_sub-03_run-07_trial-23.wav
sub-03	7	24	neh	behav_sub-03_run-07_trial-24.wav
sub-03	7	25	jin	behav_sub-03_run-07_trial-25.wav
sub-03	7	26	airy	behav_sub-03_run-07_trial-26.wav
sub-03	7	27	the	behav_sub-03_run-07_trial-27.wav
sub-03	7	28	imah	behav_sub-03_run-07_trial-28.wav
sub-03	7	29	through	behav_sub-03_run-07_trial-29.wav
sub-03	7	30	thrilled	behav_sub-03_run-07_trial-30.wav
sub-03	7	31	ther	behav_sub-03_run-07_trial-31.wav
sub-03	7	32	much	behav_sub-03_run-07_trial-32.wav
sub-03	7	33	leh	behav_sub-03_run-07_trial-33.wav
sub-03	7	34	juh	behav_sub-03_run-07_trial-34.wav
sub-03	7	35	pi	behav_sub-03_run-07_trial-35.wav
sub-03	7	36	per	behav_sub-03_run-07_trial-36.wav
sub-03	7	37	fee	behav_sub-03_run-07_trial-37.wav
sub-03	7	38	thieves	behav_sub-03_run-07_trial-38.wav
sub-03	7	39	out	behav_sub-03_run-07_trial-39.wav
sub-03	7	40	three	behav_sub-03_run-07_trial-40.wav
sub-03	7	41	if	behav_sub-03_run-07_trial-41.wav
sub-03	7	42	a	behav_sub-03_run-07_trial-42.wav
sub-03	8	1	neh	behav_sub-03_run-08_trial-01.wav
sub-03	8	2	jin	behav_sub-03_run-08_trial-02.wav
sub-03	8	3	thir	behav_sub-03_run-08_trial-03.wav
sub-03	8	4	picked	behav_sub-03_run-08_trial-04.wav
sub-03	8	5	thurs	behav_sub-03_run-08_trial-05.wav
sub-03	8	6	per	behav_sub-03_run-08_trial-06.wav
sub-03	8	7	ser	behav_sub-03_run-08_trial-07.wav
sub-03	8	8	less	behav_sub-03_run-08_trial-08.wav
sub-03	8	9	out	behav_sub-03_run-08_trial-09.wav
sub-03	8	10	much	behav_sub-03_run-08_trial-10.wav
sub-03	8	11	pro	behav_sub-03_run-08_trial-11.wav
sub-03	8	12	ther	behav_sub-03_run-08_trial-12.wav
sub-03	8	13	naw	behav_sub-03_run-08_trial-13.wav
sub-03	8	14	how	behav_sub-03_run-08_trial-14.wav
sub-03	8	15	ter	behav_sub-03_run-08_trial-15.wav
sub-03	8	16	a	behav_sub-03_run-08_trial-16.wav
sub-03	8	17	the	behav_sub-03_run-08_trial-17.wav
sub-03	8	18	per	behav_sub-03_run-08_trial-18.wav
sub-03	8	19	chuck	behav_sub-03_run-08_trial-19.wav
sub-03	8	20	mih	behav_sub-03_run-08_trial-20.wav
sub-03	8	21	throne	behav_sub-03_run-08_trial-21.wav
sub-03	8	22	jur	behav_sub-03_run-08_trial-22.wav
sub-03	8	23	ver	behav_sub-03_run-08_trial-23.wav
sub-03	8	24	through	behav_sub-03_run-08_trial-24.wav
sub-03	8	25	day	behav_sub-03_run-08_trial-25.wav
sub-03	8	26	leh	behav_sub-03_run-08_trial-26.wav
sub-03	8	27	would	behav_sub-03_run-08_trial-27.wav
sub-03	8	28	if	behav_sub-03_run-08_trial-28.wav
sub-03	8	29	pi	behav_sub-03_run-08_trial-29.wav
sub-03	8	30	imah	behav_sub-03_run-08_trial-30.wav
sub-03	8	31	fee	behav_sub-03_run-08_trial-31.wav
sub-03	8	32	thought	behav_sub-03_run-08_trial-32.wav
sub-03	8	33	pot	behav_sub-03_run-08_trial-33.wav
sub-03	8	34	ti	behav_sub-03_run-08_trial-34.wav
sub-03	8	35	pie	behav_sub-03_run-08_trial-35.wav
sub-03	8	36	peck	behav_sub-03_run-08_trial-36.wav
sub-03	8	37	juh	behav_sub-03_run-08_trial-37.wav
sub-03	8	38	airy	behav_sub-03_run-08_trial-38.wav
sub-03	8	39	thieves	behav_sub-03_run-08_trial-39.wav
sub-03	8	40	three	behav_sub-03_run-08_trial-40.wav
sub-03	8	41	thrilled	behav_sub-03_run-08_trial-41.wav
sub-03	8	42	caw	behav_sub-03_run-08_trial-42.wav
